{
  "ents_p": 0.8356510289,
  "ents_r": 0.8271470739,
  "ents_f": 0.8313773058,
  "ents_per_type": {
    "LOC": {
      "p": 0.8455438352,
      "r": 0.873817232,
      "f": 0.8594480679
    },
    "PER": {
      "p": 0.8720573183,
      "r": 0.8988198141,
      "f": 0.8852363412
    },
    "MISC": {
      "p": 0.7719140454,
      "r": 0.6715873402,
      "f": 0.7182642231
    },
    "ORG": {
      "p": 0.7838007911,
      "r": 0.7022164234,
      "f": 0.7407690608
    }
  },
  "speed": 19567.1402629334
}